themeName,count
GMV,35
MAD·AMV,26
MMD·3D,22
MV,39
VOCALOID·UTAU,12
三农,90
乐评盘点,18
亲子,22
人力VOCALOID,15
人文历史,150
仿妆cos,58
健身,48
出行,188
动漫杂谈,113
动物二创,32
动物综合,11
单机游戏,410
原创音乐,28
喵星人,119
国产动画,3
国产原创相关,44
国风舞蹈,1
娱乐杂谈,23
宅舞,11
家居房产,38
小剧场,216
小宠异宠,7
影视剪辑,130
影视杂谈,277
房车,5
手办·模玩,8
手势·网红舞,7
手工,69
手机游戏,484
搞笑,737
摩托车,3
改装玩车,6
数码,102
新能源车,24
日常,424
时尚潮流,20
明星综合,63
明星舞蹈,19
极客DIY,21
校园学习,93
桌游棋牌,25
汪星人,64
汽车生活,35
汽车知识科普,8
演奏,34
热点,5
特摄,19
田园美食,35
电子竞技,419
短片,54
短片·手书,184
社会,11
社会·美食·旅行,1
社科·法律·心理,82
科学·探索·自然,2
科学科普,175
科工机械,11
穿搭,22
竞技体育,39
篮球,14
粉丝创作,14
绘画,75
综合,100
综艺,13
网络游戏,101
美妆护肤,42
美食侦探,226
美食制作,244
美食测评,35
美食记录,108
翻唱,54
职业职场,18
舞蹈综合,24
街舞,10
计算机技术,14
设计·创意,16
财经商业,38
购车攻略,3
赛车,3
足球,19
软件应用,10
运动文化,2
运动综合,21
连载动画,4
配音,15
野生动物,15
野生技能协会,16
音乐教学,6
音乐现场,64
音乐综合,46
音游,2
预告·资讯,6
鬼畜剧场,70
鬼畜调教,56
